Code Article GNX;Code racine
190875;A190875
190950;A190950
190958;A190958
190965;A190965
190983;A190983
190987;A190987
190988;A190988
190991;A190991
190993;A190993
190994;A190994
190995;A190995
190996;A190996
195108;A195108
195184;A195184
195195;A195195
195207;A195207
195212;A195212
195230;A195230
195234;A195234
195238;A195238
195243;A195243
195244;A195244
195245;A195245
195247;A195247
195248;A195248
195249;A195249
195251;A195251
195252;A195252
195253;A195253
195255;A195255
195258;A195258
195259;A195259
195285;A195285
195290;A195290
195291;A195291
195292;A195292
195295;A195295
195296;A195296
195297;A195297
195300;A195300
195302;A195302
195303;A195303
195305;A195305
195307;A195307
195308;A195308
195313;A195313
195317;A195317
195318;A195318
195319;A195319
195320;A195320
195321;A195321
195323;A195323
195324;A195324
195326;A195326
195327;A195327
195328;A195328
195330;A195330
195331;A195331
195332;A195332
197966;A197966
P12527;B112527
P12575;B112575
P13254;B113254
P13416;B113416
P13457;B113457
P13550;B113550
P13702;B113702
P13731;B113731
P13752;B113752
P13896;B113896
P13976;B113976
P14047;B114047
P14104;B114104
P14124;B114124
P14125;B114125
P14128;B114128
P14129;B114129
P14163;B114163
P14191;B114191
P14221;B114221
P14222;B114222
P14243;B114243
P14292;B114292
P14310;B114310
P14327;B114327
P14329;B114329
P14396;B114396
P14413;B114413
P14414;B114414
P14422;B114422
P14424;B114424
P14438;B114438
P14447;B114447
P14465;B114465
P14468;B114468
P14470;B114470
P14477;B114477
P14478;B114478
P14479;B114479
P14480;B114480
P14483;B114483
P14486;B114486
P14488;B114488
P14489;B114489
P14490;B114490
P14491;B114491
P14492;B114492
P14493;B114493
P14499;B114499
P14500;B114500
P14505;B114505
P14507;B114507
P14508;B114508
P14509;B114509
P14510;B114510
P14511;B114511
P14512;B114512
P14513;B114513
P14514;B114514
P14517;B114517
P14518;B114518
P14519;B114519
P14520;B114520
P14569;B114569
P14573;B114573
P14591;B114591
P14592;B114592
P14599;B114599
P14602;B114602
P14605;B114605
P14607;B114607
P14621;B114621
P14624;B114624
P14631;B114631
P14632;B114632
P14633;B114633
P14634;B114634
P14641;B114641
P14642;B114642
P14643;B114643
P14644;B114644
P14646;B114646
P14647;B114647
P14648;B114648
P14649;B114649
P14650;B114650
P14651;B114651
P14652;B114652
P14653;B114653
P14654;B114654
P14656;B114656
P14657;B114657
P14658;B114658
P14659;B114659
P14662;B114662
P14663;B114663
P14664;B114664
P14665;B114665
P14666;B114666
P14679;B114679
P14680;B114680
P14681;B114681
P14689;B114689
P14690;B114690
P14692;B114692
P14695;B114695
P14696;B114696
P14697;B114697
P14698;B114698
P14700;B114700
P14701;B114701
P14702;B114702
P14719;B114719
120027;B120027
199320;B199320
199332;B199332
199334;B199334
200026;B200026
200041;B200041
200045;B200045
200047;B200047
P30079;B330079
K20002;D020002
K20004;D020004
K20005;D020005
K21004;D021004
K21005;D021005
K21006;D021006
K21007;D021007
K21008;D021008
K21009;D021009
K21010;D021010
K21011;D021011
040152;F040152
040180;F040180
040181;F040181
040182;F040182
040183;F040183
040187;F040187
040188;F040188
040189;F040189
040191;F040191
040192;F040192
040200;F040200
040210;F040210
040215;F040215
040255;F040255
050007;F050007
050104;F050104
050110;F050110
050112;F050112
050113;F050113
050117;F050117
050118;F050118
050119;F050119
050124;F050124
050131;F050131
050133;F050133
050135;F050135
050140;F050140
050142;F050142
050143;F050143
050153;F050153
050155;F050155
050156;F050156
050158;F050158
050159;F050159
050161;F050161
050162;F050162
050163;F050163
050166;F050166
050167;F050167
050169;F050169
050171;F050171
050172;F050172
050173;F050173
050176;F050176
050195;F050195
050196;F050196
050197;F050197
050205;F050205
050209;F050209
050211;F050211
050216;F050216
050220;F050220
050230;F050230
050231;F050231
050238;F050238
050239;F050239
050242;F050242
050245;F050245
050247;F050247
050250;F050250
050253;F050253
050254;F050254
050259;F050259
050260;F050260
050261;F050261
050262;F050262
050264;F050264
050301;F050301
050304;F050304
050308;F050308
050310;F050310
050320;F050320
050330;F050330
050340;F050340
050346;F050346
050350;F050350
050370;F050370
050374;F050374
050401;F050401
050402;F050402
050410;F050410
050420;F050420
050430;F050430
050431;F050431
050432;F050432
050433;F050433
050451;F050451
050452;F050452
050455;F050455
050456;F050456
050471;F050471
050472;F050472
050475;F050475
050476;F050476
050485;F050485
050495;F050495
050496;F050496
050497;F050497
050498;F050498
050515;F050515
050517;F050517
050518;F050518
050538;F050538
050540;F050540
050561;F050561
050565;F050565
050590;F050590
050591;F050591
050592;F050592
050594;F050594
050607;F050607
050609;F050609
050611;F050611
050614;F050614
050615;F050615
050619;F050619
050620;F050620
050660;F050660
050662;F050662
050671;F050671
050677;F050677
050690;F050690
050691;F050691
050692;F050692
050693;F050693
050694;F050694
050695;F050695
050696;F050696
050706;F050706
050711;F050711
050770;F050770
050790;F050790
050795;F050795
050796;F050796
050800;F050800
050801;F050801
050802;F050802
050803;F050803
050805;F050805
050808;F050808
050809;F050809
050813;F050813
050814;F050814
050815;F050815
050821;F050821
050822;F050822
050824;F050824
050826;F050826
050831;F050831
050833;F050833
050834;F050834
050836;F050836
050837;F050837
050838;F050838
050839;F050839
050891;F050891
050892;F050892
050893;F050893
050894;F050894
050895;F050895
050896;F050896
050897;F050897
050898;F050898
050900;F050900
050903;F050903
050904;F050904
050912;F050912
050913;F050913
050914;F050914
050916;F050916
050925;F050925
050926;F050926
050927;F050927
050928;F050928
050931;F050931
050938;F050938
050941;F050941
050942;F050942
050943;F050943
050944;F050944
050946;F050946
050953;F050953
050954;F050954
050958;F050958
050960;F050960
050961;F050961
050976;F050976
050977;F050977
050978;F050978
050981;F050981
050983;F050983
050991;F050991
050992;F050992
050993;F050993
050998;F050998
050999;F050999
051200;F051200
052115;F052115
052117;F052117
052118;F052118
052119;F052119
052121;F052121
052122;F052122
052123;F052123
052124;F052124
052125;F052125
052126;F052126
052127;F052127
052128;F052128
052129;F052129
052131;F052131
052133;F052133
052138;F052138
052139;F052139
052141;F052141
052142;F052142
052143;F052143
052144;F052144
052146;F052146
052162;F052162
052163;F052163
053214;F053214
053218;F053218
053219;F053219
053220;F053220
053221;F053221
060846;F060846
060848;F060848
061079;F061079
064036;F064036
064082;F064082
064094;F064094
064096;F064096
064100;F064100
064110;F064110
064138;F064138
064150;F064150
064152;F064152
064174;F064174
064178;F064178
064180;F064180
064200;F064200
064220;F064220
064226;F064226
064232;F064232
064254;F064254
064256;F064256
064258;F064258
064260;F064260
064262;F064262
064270;F064270
064304;F064304
064322;F064322
064328;F064328
064368;F064368
064370;F064370
064376;F064376
064380;F064380
064384;F064384
064388;F064388
064396;F064396
064398;F064398
064404;F064404
064406;F064406
064408;F064408
064410;F064410
064414;F064414
064418;F064418
064420;F064420
064454;F064454
064456;F064456
064458;F064458
064460;F064460
064462;F064462
064464;F064464
064466;F064466
064470;F064470
064472;F064472
064474;F064474
064480;F064480
064484;F064484
064486;F064486
064490;F064490
064504;F064504
064510;F064510
064512;F064512
064514;F064514
064516;F064516
064518;F064518
064520;F064520
064522;F064522
064524;F064524
064526;F064526
064528;F064528
064530;F064530
064536;F064536
064538;F064538
064542;F064542
064544;F064544
064546;F064546
064548;F064548
064550;F064550
064552;F064552
064554;F064554
064556;F064556
064558;F064558
064560;F064560
064562;F064562
064564;F064564
064568;F064568
064570;F064570
064572;F064572
064574;F064574
064576;F064576
064578;F064578
064579;F064579
064580;F064580
064582;F064582
064584;F064584
064588;F064588
064596;F064596
064602;F064602
064604;F064604
064606;F064606
064608;F064608
064610;F064610
064612;F064612
064618;F064618
064620;F064620
064622;F064622
064624;F064624
065142;F065142
065146;F065146
065148;F065148
065152;F065152
065156;F065156
065172;F065172
065174;F065174
065178;F065178
065180;F065180
065182;F065182
065186;F065186
065188;F065188
065190;F065190
065192;F065192
065194;F065194
065196;F065196
065198;F065198
065202;F065202
065210;F065210
065212;F065212
065216;F065216
065218;F065218
065220;F065220
065222;F065222
065224;F065224
065226;F065226
065228;F065228
065230;F065230
065232;F065232
065234;F065234
065242;F065242
065245;F065245
067012;F067012
067020;F067020
067100;F067100
067114;F067114
067122;F067122
067132;F067132
067134;F067134
067136;F067136
067150;F067150
067158;F067158
067174;F067174
067176;F067176
067178;F067178
067180;F067180
067182;F067182
067184;F067184
067186;F067186
071012;F071012
071014;F071014
071098;F071098
071106;F071106
071108;F071108
071114;F071114
071130;F071130
071142;F071142
071150;F071150
071152;F071152
071174;F071174
071190;F071190
071192;F071192
071206;F071206
071220;F071220
071242;F071242
071252;F071252
071256;F071256
071258;F071258
071260;F071260
071262;F071262
071266;F071266
071272;F071272
071274;F071274
071280;F071280
071282;F071282
071316;F071316
071318;F071318
071322;F071322
071324;F071324
071326;F071326
071338;F071338
071342;F071342
071348;F071348
071360;F071360
071362;F071362
071364;F071364
071366;F071366
075020;F075020
075086;F075086
075088;F075088
075110;F075110
075152;F075152
075158;F075158
075160;F075160
077300;F077300
077301;F077301
077304;F077304
077308;F077308
077309;F077309
077310;F077310
077311;F077311
077312;F077312
077313;F077313
077314;F077314
077315;F077315
077326;F077326
077328;F077328
077330;F077330
077334;F077334
077338;F077338
077346;F077346
077352;F077352
077364;F077364
077366;F077366
077368;F077368
077374;F077374
077376;F077376
077378;F077378
077380;F077380
077382;F077382
077384;F077384
077388;F077388
077394;F077394
077396;F077396
077398;F077398
077402;F077402
077406;F077406
077412;F077412
077414;F077414
077416;F077416
077418;F077418
077420;F077420
077434;F077434
077436;F077436
077438;F077438
077440;F077440
077442;F077442
077446;F077446
077462;F077462
077464;F077464
077466;F077466
077468;F077468
077470;F077470
077474;F077474
077478;F077478
077480;F077480
077482;F077482
077484;F077484
077486;F077486
077488;F077488
077490;F077490
077492;F077492
077494;F077494
077496;F077496
077498;F077498
077500;F077500
077502;F077502
077504;F077504
077506;F077506
077508;F077508
077510;F077510
077512;F077512
077518;F077518
077528;F077528
078000;F078000
078002;F078002
078004;F078004
078006;F078006
078008;F078008
078010;F078010
078012;F078012
078018;F078018
078022;F078022
079000;F079000
079002;F079002
079004;F079004
079006;F079006
079008;F079008
079010;F079010
079012;F079012
079014;F079014
096004;F096004
096062;F096062
096069;F096069
096070;F096070
096071;F096071
096072;F096072
096073;F096073
096074;F096074
096075;F096075
096076;F096076
096077;F096077
096078;F096078
096079;F096079
096084;F096084
096087;F096087
096088;F096088
096093;F096093
096103;F096103
096105;F096105
096106;F096106
096107;F096107
096108;F096108
096109;F096109
096111;F096111
096113;F096113
096114;F096114
096115;F096115
096116;F096116
096117;F096117
096118;F096118
096119;F096119
096121;F096121
096122;F096122
096123;F096123
096124;F096124
096126;F096126
096127;F096127
096128;F096128
096129;F096129
096131;F096131
096132;F096132
096133;F096133
096134;F096134
096135;F096135
096136;F096136
096140;F096140
096141;F096141
096142;F096142
096143;F096143
096144;F096144
096145;F096145
096417;F096417
096470;F096470
096471;F096471
096479;F096479
096483;F096483
096484;F096484
096486;F096486
096488;F096488
096533;F096533
096535;F096535
096537;F096537
096538;F096538
096539;F096539
096548;F096548
096559;F096559
096560;F096560
096573;F096573
096574;F096574
096575;F096575
096576;F096576
096577;F096577
096579;F096579
096581;F096581
096586;F096586
096587;F096587
096590;F096590
096592;F096592
096597;F096597
096602;F096602
096606;F096606
096613;F096613
096614;F096614
096616;F096616
096620;F096620
096621;F096621
096622;F096622
096623;F096623